<?xml version="1.0" encoding="UTF-8" ?>
<!DOCTYPE log4j:configuration SYSTEM "log4j.dtd">
 
<log4j:configuration xmlns:log4j="http://jakarta.apache.org/log4j/">
 
    <appender name="console" class="org.apache.log4j.ConsoleAppender">
        <param name="Target" value="System.out"/>
        <layout class="org.apache.log4j.PatternLayout">
            <param name="ConversionPattern" value="%-6r [%t] %-5p %18.18c %x - %m%n"/>
        </layout>
    </appender>

    <appender name="logfile" class="org.apache.log4j.FileAppender">
        <param name="file" value="starparse-launcher.log" />
        <param name="append" value="true" />
        <param name="threshold" value="info" />
        <layout class="org.apache.log4j.PatternLayout">
            <param name="ConversionPattern" value="%d{ISO8601} %-5p %18.18c %x - %m%n" />
        </layout>
    </appender>
 
    <appender name="statusBar" class="com.ixale.starparse.launcher.StatusBarAppender">
    	<param name="Threshold" value ="INFO" />
        <layout class="org.apache.log4j.PatternLayout">
            <param name="ConversionPattern" value="%d{HH:mm:ss} %p: %m"/>
        </layout>
    </appender> 

    <category name="com.ixale.starparse" additivity="false">
    	<priority value="debug" />
    	<appender-ref ref="statusBar"/>
    	<appender-ref ref="logfile"/>
    	<appender-ref ref="console"/>
	</category>
 
    <root>
        <priority value="warn" />
        <appender-ref ref="console" />
    </root>
 
</log4j:configuration>